"{'layout': [3, 2, 1, 0], 'arch': [2, 4, 3, 3, 2, 3, 1, 1, 2, 2, 2, 1, 1, 1, 4, 2, 6]}",1,0.5923612713813782,75.0,0.5923612713813782,75.0
"{'layout': [3, 2, 1, 0], 'arch': [2, 4, 3, 3, 2, 3, 1, 1, 2, 2, 2, 1, 1, 1, 4, 2, 6]}",2,0.5906489491462708,71.66666666666667,0.5906489491462708,71.66666666666667
"{'layout': [3, 2, 1, 0], 'arch': [2, 4, 3, 3, 2, 3, 1, 1, 2, 2, 2, 1, 1, 1, 4, 2, 6]}",3,0.589208722114563,70.0,0.589208722114563,70.0
"{'layout': [3, 2, 1, 0], 'arch': [2, 4, 3, 3, 2, 3, 1, 1, 2, 2, 2, 1, 1, 1, 4, 2, 6]}",4,0.5879999399185181,71.66666666666667,0.5879999399185181,71.66666666666667
"{'layout': [3, 2, 1, 0], 'arch': [2, 4, 3, 3, 2, 3, 1, 1, 2, 2, 2, 1, 1, 1, 4, 2, 6]}",5,0.5870304107666016,70.0,0.5870304107666016,70.0
"{'layout': [3, 2, 1, 0], 'arch': [2, 4, 3, 3, 2, 3, 1, 1, 2, 2, 2, 1, 1, 1, 4, 2, 6]}",6,0.5862926840782166,68.33333333333333,0.5862926840782166,68.33333333333333
"{'layout': [3, 2, 1, 0], 'arch': [2, 4, 3, 3, 2, 3, 1, 1, 2, 2, 2, 1, 1, 1, 4, 2, 6]}",7,0.5857632160186768,68.33333333333333,0.5857632160186768,68.33333333333333
"{'layout': [3, 2, 1, 0], 'arch': [2, 4, 3, 3, 2, 3, 1, 1, 2, 2, 2, 1, 1, 1, 4, 2, 6]}",8,0.5854102969169617,68.33333333333333,0.5854102969169617,68.33333333333333
"{'layout': [3, 2, 1, 0], 'arch': [2, 4, 3, 3, 2, 3, 1, 1, 2, 2, 2, 1, 1, 1, 4, 2, 6]}",9,0.5851996541023254,66.66666666666666,0.5851996541023254,66.66666666666666
"{'layout': [3, 2, 1, 0], 'arch': [2, 4, 3, 3, 2, 3, 1, 1, 2, 2, 2, 1, 1, 1, 4, 2, 6]}",10,0.585100531578064,66.66666666666666,0.585100531578064,66.66666666666666
"{'layout': [3, 2, 1, 0], 'arch': [2, 4, 3, 3, 2, 3, 1, 1, 2, 2, 2, 1, 1, 1, 4, 2, 6]}",11,0.5850902199745178,66.66666666666666,0.5850902199745178,66.66666666666666
"{'layout': [3, 2, 1, 0], 'arch': [2, 4, 3, 3, 2, 3, 1, 1, 2, 2, 2, 1, 1, 1, 4, 2, 6]}",12,0.5851565599441528,68.33333333333333,0.5851565599441528,68.33333333333333
"{'layout': [3, 2, 1, 0], 'arch': [2, 4, 3, 3, 2, 3, 1, 1, 2, 2, 2, 1, 1, 1, 4, 2, 6]}",13,0.5852956771850586,70.0,0.5852956771850586,70.0
"{'layout': [3, 2, 1, 0], 'arch': [2, 4, 3, 3, 2, 3, 1, 1, 2, 2, 2, 1, 1, 1, 4, 2, 6]}",14,0.585510790348053,71.66666666666667,0.585510790348053,71.66666666666667
"{'layout': [3, 2, 1, 0], 'arch': [2, 4, 3, 3, 2, 3, 1, 1, 2, 2, 2, 1, 1, 1, 4, 2, 6]}",15,0.5858076214790344,70.0,0.5858076214790344,70.0
"{'layout': [3, 2, 1, 0], 'arch': [2, 4, 3, 3, 2, 3, 1, 1, 2, 2, 2, 1, 1, 1, 4, 2, 6]}",16,0.5861925482749939,70.0,0.5861925482749939,70.0
"{'layout': [3, 2, 1, 0], 'arch': [2, 4, 3, 3, 2, 3, 1, 1, 2, 2, 2, 1, 1, 1, 4, 2, 6]}",17,0.5866705775260925,70.0,0.5866705775260925,70.0
"{'layout': [3, 2, 1, 0], 'arch': [2, 4, 3, 3, 2, 3, 1, 1, 2, 2, 2, 1, 1, 1, 4, 2, 6]}",18,0.5872434377670288,68.33333333333333,0.5872434377670288,68.33333333333333
"{'layout': [3, 2, 1, 0], 'arch': [2, 4, 3, 3, 2, 3, 1, 1, 2, 2, 2, 1, 1, 1, 4, 2, 6]}",19,0.5879083275794983,68.33333333333333,0.5879083275794983,68.33333333333333
"{'layout': [3, 2, 1, 0], 'arch': [2, 4, 3, 3, 2, 3, 1, 1, 2, 2, 2, 1, 1, 1, 4, 2, 6]}",20,0.588657796382904,68.33333333333333,0.588657796382904,68.33333333333333
"{'layout': [3, 2, 1, 0], 'arch': [2, 4, 3, 3, 2, 3, 1, 1, 2, 2, 2, 1, 1, 1, 4, 2, 6]}",21,0.5894788503646851,70.0,0.5894788503646851,70.0
"{'layout': [3, 2, 1, 0], 'arch': [2, 4, 3, 3, 2, 3, 1, 1, 2, 2, 2, 1, 1, 1, 4, 2, 6]}",22,0.5903540849685669,70.0,0.5903540849685669,70.0
"{'layout': [3, 2, 1, 0], 'arch': [2, 4, 3, 3, 2, 3, 1, 1, 2, 2, 2, 1, 1, 1, 4, 2, 6]}",23,0.5912621021270752,70.0,0.5912621021270752,70.0
"{'layout': [3, 2, 1, 0], 'arch': [2, 4, 3, 3, 2, 3, 1, 1, 2, 2, 2, 1, 1, 1, 4, 2, 6]}",24,0.5921801924705505,68.33333333333333,0.5921801924705505,68.33333333333333
"{'layout': [3, 2, 1, 0], 'arch': [2, 4, 3, 3, 2, 3, 1, 1, 2, 2, 2, 1, 1, 1, 4, 2, 6]}",25,0.5930850505828857,68.33333333333333,0.5930850505828857,68.33333333333333
"{'layout': [3, 2, 1, 0], 'arch': [2, 4, 3, 3, 2, 3, 1, 1, 2, 2, 2, 1, 1, 1, 4, 2, 6]}",26,0.5939551591873169,68.33333333333333,0.5939551591873169,68.33333333333333
"{'layout': [3, 2, 1, 0], 'arch': [2, 4, 3, 3, 2, 3, 1, 1, 2, 2, 2, 1, 1, 1, 4, 2, 6]}",27,0.5947713255882263,68.33333333333333,0.5947713255882263,68.33333333333333
"{'layout': [3, 2, 1, 0], 'arch': [2, 4, 3, 3, 2, 3, 1, 1, 2, 2, 2, 1, 1, 1, 4, 2, 6]}",28,0.5955172181129456,68.33333333333333,0.5955172181129456,68.33333333333333
"{'layout': [3, 2, 1, 0], 'arch': [2, 4, 3, 3, 2, 3, 1, 1, 2, 2, 2, 1, 1, 1, 4, 2, 6]}",29,0.5961803197860718,68.33333333333333,0.5961803197860718,68.33333333333333
"{'layout': [3, 2, 1, 0], 'arch': [2, 4, 3, 3, 2, 3, 1, 1, 2, 2, 2, 1, 1, 1, 4, 2, 6]}",30,0.5967512726783752,68.33333333333333,0.5967512726783752,68.33333333333333
"{'layout': [3, 2, 1, 0], 'arch': [2, 4, 3, 3, 2, 3, 1, 1, 2, 2, 2, 1, 1, 1, 4, 2, 6]}",31,0.5972238779067993,68.33333333333333,0.5972238779067993,68.33333333333333
"{'layout': [3, 2, 1, 0], 'arch': [2, 4, 3, 3, 2, 3, 1, 1, 2, 2, 2, 1, 1, 1, 4, 2, 6]}",32,0.5975952744483948,68.33333333333333,0.5975952744483948,68.33333333333333
"{'layout': [3, 2, 1, 0], 'arch': [2, 4, 3, 3, 2, 3, 1, 1, 2, 2, 2, 1, 1, 1, 4, 2, 6]}",33,0.5978653430938721,68.33333333333333,0.5978653430938721,68.33333333333333
"{'layout': [3, 2, 1, 0], 'arch': [2, 4, 3, 3, 2, 3, 1, 1, 2, 2, 2, 1, 1, 1, 4, 2, 6]}",34,0.5980366468429565,68.33333333333333,0.5980366468429565,68.33333333333333
"{'layout': [3, 2, 1, 0], 'arch': [2, 4, 3, 3, 2, 3, 1, 1, 2, 2, 2, 1, 1, 1, 4, 2, 6]}",35,0.5981135964393616,68.33333333333333,0.5981135964393616,68.33333333333333
"{'layout': [3, 2, 1, 0], 'arch': [2, 4, 3, 3, 2, 3, 1, 1, 2, 2, 2, 1, 1, 1, 4, 2, 6]}",36,0.5981026887893677,68.33333333333333,0.5981026887893677,68.33333333333333
"{'layout': [3, 2, 1, 0], 'arch': [2, 4, 3, 3, 2, 3, 1, 1, 2, 2, 2, 1, 1, 1, 4, 2, 6]}",37,0.5980119705200195,68.33333333333333,0.5980119705200195,68.33333333333333
"{'layout': [3, 2, 1, 0], 'arch': [2, 4, 3, 3, 2, 3, 1, 1, 2, 2, 2, 1, 1, 1, 4, 2, 6]}",38,0.5978506803512573,68.33333333333333,0.5978506803512573,68.33333333333333
"{'layout': [3, 2, 1, 0], 'arch': [2, 4, 3, 3, 2, 3, 1, 1, 2, 2, 2, 1, 1, 1, 4, 2, 6]}",39,0.5976289510726929,68.33333333333333,0.5976289510726929,68.33333333333333
"{'layout': [3, 2, 1, 0], 'arch': [2, 4, 3, 3, 2, 3, 1, 1, 2, 2, 2, 1, 1, 1, 4, 2, 6]}",40,0.597357451915741,68.33333333333333,0.597357451915741,68.33333333333333
"{'layout': [3, 2, 1, 0], 'arch': [2, 4, 3, 3, 2, 3, 1, 1, 2, 2, 2, 1, 1, 1, 4, 2, 6]}",41,0.5970467329025269,68.33333333333333,0.5970467329025269,68.33333333333333
"{'layout': [3, 2, 1, 0], 'arch': [2, 4, 3, 3, 2, 3, 1, 1, 2, 2, 2, 1, 1, 1, 4, 2, 6]}",42,0.5967074036598206,68.33333333333333,0.5967074036598206,68.33333333333333
"{'layout': [3, 2, 1, 0], 'arch': [2, 4, 3, 3, 2, 3, 1, 1, 2, 2, 2, 1, 1, 1, 4, 2, 6]}",43,0.5963494181632996,68.33333333333333,0.5963494181632996,68.33333333333333
"{'layout': [3, 2, 1, 0], 'arch': [2, 4, 3, 3, 2, 3, 1, 1, 2, 2, 2, 1, 1, 1, 4, 2, 6]}",44,0.5959815382957458,68.33333333333333,0.5959815382957458,68.33333333333333
"{'layout': [3, 2, 1, 0], 'arch': [2, 4, 3, 3, 2, 3, 1, 1, 2, 2, 2, 1, 1, 1, 4, 2, 6]}",45,0.5956113338470459,68.33333333333333,0.5956113338470459,68.33333333333333
"{'layout': [3, 2, 1, 0], 'arch': [2, 4, 3, 3, 2, 3, 1, 1, 2, 2, 2, 1, 1, 1, 4, 2, 6]}",46,0.5952450633049011,68.33333333333333,0.5952450633049011,68.33333333333333
"{'layout': [3, 2, 1, 0], 'arch': [2, 4, 3, 3, 2, 3, 1, 1, 2, 2, 2, 1, 1, 1, 4, 2, 6]}",47,0.5948874354362488,68.33333333333333,0.5948874354362488,68.33333333333333
"{'layout': [3, 2, 1, 0], 'arch': [2, 4, 3, 3, 2, 3, 1, 1, 2, 2, 2, 1, 1, 1, 4, 2, 6]}",48,0.5945410132408142,68.33333333333333,0.5945410132408142,68.33333333333333
"{'layout': [3, 2, 1, 0], 'arch': [2, 4, 3, 3, 2, 3, 1, 1, 2, 2, 2, 1, 1, 1, 4, 2, 6]}",49,0.5942073464393616,68.33333333333333,0.5942073464393616,68.33333333333333
"{'layout': [3, 2, 1, 0], 'arch': [2, 4, 3, 3, 2, 3, 1, 1, 2, 2, 2, 1, 1, 1, 4, 2, 6]}",50,0.5938857793807983,68.33333333333333,0.5938857793807983,68.33333333333333
"{'layout': [3, 2, 1, 0], 'arch': [2, 4, 3, 3, 2, 3, 1, 1, 2, 2, 2, 1, 1, 1, 4, 2, 6]}",51,0.5935748815536499,68.33333333333333,0.5935748815536499,68.33333333333333
"{'layout': [3, 2, 1, 0], 'arch': [2, 4, 3, 3, 2, 3, 1, 1, 2, 2, 2, 1, 1, 1, 4, 2, 6]}",52,0.5932716727256775,68.33333333333333,0.5932716727256775,68.33333333333333
"{'layout': [3, 2, 1, 0], 'arch': [2, 4, 3, 3, 2, 3, 1, 1, 2, 2, 2, 1, 1, 1, 4, 2, 6]}",53,0.5929723381996155,68.33333333333333,0.5929723381996155,68.33333333333333
"{'layout': [3, 2, 1, 0], 'arch': [2, 4, 3, 3, 2, 3, 1, 1, 2, 2, 2, 1, 1, 1, 4, 2, 6]}",54,0.59267258644104,68.33333333333333,0.59267258644104,68.33333333333333
"{'layout': [3, 2, 1, 0], 'arch': [2, 4, 3, 3, 2, 3, 1, 1, 2, 2, 2, 1, 1, 1, 4, 2, 6]}",55,0.5923680663108826,66.66666666666666,0.5923680663108826,66.66666666666666
"{'layout': [3, 2, 1, 0], 'arch': [2, 4, 3, 3, 2, 3, 1, 1, 2, 2, 2, 1, 1, 1, 4, 2, 6]}",56,0.5920543074607849,66.66666666666666,0.5920543074607849,66.66666666666666
"{'layout': [3, 2, 1, 0], 'arch': [2, 4, 3, 3, 2, 3, 1, 1, 2, 2, 2, 1, 1, 1, 4, 2, 6]}",57,0.5917277932167053,66.66666666666666,0.5917277932167053,66.66666666666666
"{'layout': [3, 2, 1, 0], 'arch': [2, 4, 3, 3, 2, 3, 1, 1, 2, 2, 2, 1, 1, 1, 4, 2, 6]}",58,0.5913853049278259,66.66666666666666,0.5913853049278259,66.66666666666666
"{'layout': [3, 2, 1, 0], 'arch': [2, 4, 3, 3, 2, 3, 1, 1, 2, 2, 2, 1, 1, 1, 4, 2, 6]}",59,0.5910250544548035,66.66666666666666,0.5910250544548035,66.66666666666666
"{'layout': [3, 2, 1, 0], 'arch': [2, 4, 3, 3, 2, 3, 1, 1, 2, 2, 2, 1, 1, 1, 4, 2, 6]}",60,0.590645968914032,66.66666666666666,0.590645968914032,66.66666666666666
"{'layout': [3, 2, 1, 0], 'arch': [2, 4, 3, 3, 2, 3, 1, 1, 2, 2, 2, 1, 1, 1, 4, 2, 6]}",61,0.5902481079101562,66.66666666666666,0.5902481079101562,66.66666666666666
"{'layout': [3, 2, 1, 0], 'arch': [2, 4, 3, 3, 2, 3, 1, 1, 2, 2, 2, 1, 1, 1, 4, 2, 6]}",62,0.5898329615592957,66.66666666666666,0.5898329615592957,66.66666666666666
"{'layout': [3, 2, 1, 0], 'arch': [2, 4, 3, 3, 2, 3, 1, 1, 2, 2, 2, 1, 1, 1, 4, 2, 6]}",63,0.5894021987915039,66.66666666666666,0.5894021987915039,66.66666666666666
"{'layout': [3, 2, 1, 0], 'arch': [2, 4, 3, 3, 2, 3, 1, 1, 2, 2, 2, 1, 1, 1, 4, 2, 6]}",64,0.5889588594436646,66.66666666666666,0.5889588594436646,66.66666666666666
"{'layout': [3, 2, 1, 0], 'arch': [2, 4, 3, 3, 2, 3, 1, 1, 2, 2, 2, 1, 1, 1, 4, 2, 6]}",65,0.5885058641433716,66.66666666666666,0.5885058641433716,66.66666666666666
"{'layout': [3, 2, 1, 0], 'arch': [2, 4, 3, 3, 2, 3, 1, 1, 2, 2, 2, 1, 1, 1, 4, 2, 6]}",66,0.5880467891693115,66.66666666666666,0.5880467891693115,66.66666666666666
"{'layout': [3, 2, 1, 0], 'arch': [2, 4, 3, 3, 2, 3, 1, 1, 2, 2, 2, 1, 1, 1, 4, 2, 6]}",67,0.5875848531723022,66.66666666666666,0.5875848531723022,66.66666666666666
"{'layout': [3, 2, 1, 0], 'arch': [2, 4, 3, 3, 2, 3, 1, 1, 2, 2, 2, 1, 1, 1, 4, 2, 6]}",68,0.5871235132217407,66.66666666666666,0.5871235132217407,66.66666666666666
"{'layout': [3, 2, 1, 0], 'arch': [2, 4, 3, 3, 2, 3, 1, 1, 2, 2, 2, 1, 1, 1, 4, 2, 6]}",69,0.5866655707359314,66.66666666666666,0.5866655707359314,66.66666666666666
"{'layout': [3, 2, 1, 0], 'arch': [2, 4, 3, 3, 2, 3, 1, 1, 2, 2, 2, 1, 1, 1, 4, 2, 6]}",70,0.5862134695053101,66.66666666666666,0.5862134695053101,66.66666666666666
"{'layout': [3, 2, 1, 0], 'arch': [2, 4, 3, 3, 2, 3, 1, 1, 2, 2, 2, 1, 1, 1, 4, 2, 6]}",71,0.5857693552970886,66.66666666666666,0.5857693552970886,66.66666666666666
"{'layout': [3, 2, 1, 0], 'arch': [2, 4, 3, 3, 2, 3, 1, 1, 2, 2, 2, 1, 1, 1, 4, 2, 6]}",72,0.5853347182273865,66.66666666666666,0.5853347182273865,66.66666666666666
"{'layout': [3, 2, 1, 0], 'arch': [2, 4, 3, 3, 2, 3, 1, 1, 2, 2, 2, 1, 1, 1, 4, 2, 6]}",73,0.5849105715751648,66.66666666666666,0.5849105715751648,66.66666666666666
"{'layout': [3, 2, 1, 0], 'arch': [2, 4, 3, 3, 2, 3, 1, 1, 2, 2, 2, 1, 1, 1, 4, 2, 6]}",74,0.584497332572937,68.33333333333333,0.584497332572937,68.33333333333333
"{'layout': [3, 2, 1, 0], 'arch': [2, 4, 3, 3, 2, 3, 1, 1, 2, 2, 2, 1, 1, 1, 4, 2, 6]}",75,0.584095299243927,68.33333333333333,0.584095299243927,68.33333333333333
"{'layout': [3, 2, 1, 0], 'arch': [2, 4, 3, 3, 2, 3, 1, 1, 2, 2, 2, 1, 1, 1, 4, 2, 6]}",76,0.5837039351463318,68.33333333333333,0.5837039351463318,68.33333333333333
"{'layout': [3, 2, 1, 0], 'arch': [2, 4, 3, 3, 2, 3, 1, 1, 2, 2, 2, 1, 1, 1, 4, 2, 6]}",77,0.5833228230476379,68.33333333333333,0.5833228230476379,68.33333333333333
"{'layout': [3, 2, 1, 0], 'arch': [2, 4, 3, 3, 2, 3, 1, 1, 2, 2, 2, 1, 1, 1, 4, 2, 6]}",78,0.582951009273529,68.33333333333333,0.582951009273529,68.33333333333333
"{'layout': [3, 2, 1, 0], 'arch': [2, 4, 3, 3, 2, 3, 1, 1, 2, 2, 2, 1, 1, 1, 4, 2, 6]}",79,0.5825875997543335,68.33333333333333,0.5825875997543335,68.33333333333333
"{'layout': [3, 2, 1, 0], 'arch': [2, 4, 3, 3, 2, 3, 1, 1, 2, 2, 2, 1, 1, 1, 4, 2, 6]}",80,0.5822312235832214,68.33333333333333,0.5822312235832214,68.33333333333333
"{'layout': [3, 2, 1, 0], 'arch': [2, 4, 3, 3, 2, 3, 1, 1, 2, 2, 2, 1, 1, 1, 4, 2, 6]}",81,0.5818808078765869,66.66666666666666,0.5818808078765869,66.66666666666666
"{'layout': [3, 2, 1, 0], 'arch': [2, 4, 3, 3, 2, 3, 1, 1, 2, 2, 2, 1, 1, 1, 4, 2, 6]}",82,0.581535279750824,66.66666666666666,0.581535279750824,66.66666666666666
"{'layout': [3, 2, 1, 0], 'arch': [2, 4, 3, 3, 2, 3, 1, 1, 2, 2, 2, 1, 1, 1, 4, 2, 6]}",83,0.5811933279037476,66.66666666666666,0.5811933279037476,66.66666666666666
"{'layout': [3, 2, 1, 0], 'arch': [2, 4, 3, 3, 2, 3, 1, 1, 2, 2, 2, 1, 1, 1, 4, 2, 6]}",84,0.5808542370796204,66.66666666666666,0.5808542370796204,66.66666666666666
"{'layout': [3, 2, 1, 0], 'arch': [2, 4, 3, 3, 2, 3, 1, 1, 2, 2, 2, 1, 1, 1, 4, 2, 6]}",85,0.5805167555809021,66.66666666666666,0.5805167555809021,66.66666666666666
"{'layout': [3, 2, 1, 0], 'arch': [2, 4, 3, 3, 2, 3, 1, 1, 2, 2, 2, 1, 1, 1, 4, 2, 6]}",86,0.5801803469657898,65.0,0.5801803469657898,65.0
"{'layout': [3, 2, 1, 0], 'arch': [2, 4, 3, 3, 2, 3, 1, 1, 2, 2, 2, 1, 1, 1, 4, 2, 6]}",87,0.5798445343971252,65.0,0.5798445343971252,65.0
"{'layout': [3, 2, 1, 0], 'arch': [2, 4, 3, 3, 2, 3, 1, 1, 2, 2, 2, 1, 1, 1, 4, 2, 6]}",88,0.5795087814331055,65.0,0.5795087814331055,65.0
"{'layout': [3, 2, 1, 0], 'arch': [2, 4, 3, 3, 2, 3, 1, 1, 2, 2, 2, 1, 1, 1, 4, 2, 6]}",89,0.5791730284690857,65.0,0.5791730284690857,65.0
"{'layout': [3, 2, 1, 0], 'arch': [2, 4, 3, 3, 2, 3, 1, 1, 2, 2, 2, 1, 1, 1, 4, 2, 6]}",90,0.5788370370864868,65.0,0.5788370370864868,65.0
"{'layout': [3, 2, 1, 0], 'arch': [2, 4, 3, 3, 2, 3, 1, 1, 2, 2, 2, 1, 1, 1, 4, 2, 6]}",91,0.5785008668899536,66.66666666666666,0.5785008668899536,66.66666666666666
"{'layout': [3, 2, 1, 0], 'arch': [2, 4, 3, 3, 2, 3, 1, 1, 2, 2, 2, 1, 1, 1, 4, 2, 6]}",92,0.5781649351119995,66.66666666666666,0.5781649351119995,66.66666666666666
"{'layout': [3, 2, 1, 0], 'arch': [2, 4, 3, 3, 2, 3, 1, 1, 2, 2, 2, 1, 1, 1, 4, 2, 6]}",93,0.5778292417526245,66.66666666666666,0.5778292417526245,66.66666666666666
"{'layout': [3, 2, 1, 0], 'arch': [2, 4, 3, 3, 2, 3, 1, 1, 2, 2, 2, 1, 1, 1, 4, 2, 6]}",94,0.5774944424629211,66.66666666666666,0.5774944424629211,66.66666666666666
"{'layout': [3, 2, 1, 0], 'arch': [2, 4, 3, 3, 2, 3, 1, 1, 2, 2, 2, 1, 1, 1, 4, 2, 6]}",95,0.577160656452179,66.66666666666666,0.577160656452179,66.66666666666666
"{'layout': [3, 2, 1, 0], 'arch': [2, 4, 3, 3, 2, 3, 1, 1, 2, 2, 2, 1, 1, 1, 4, 2, 6]}",96,0.5768285989761353,66.66666666666666,0.5768285989761353,66.66666666666666
"{'layout': [3, 2, 1, 0], 'arch': [2, 4, 3, 3, 2, 3, 1, 1, 2, 2, 2, 1, 1, 1, 4, 2, 6]}",97,0.5764983892440796,66.66666666666666,0.5764983892440796,66.66666666666666
"{'layout': [3, 2, 1, 0], 'arch': [2, 4, 3, 3, 2, 3, 1, 1, 2, 2, 2, 1, 1, 1, 4, 2, 6]}",98,0.576170802116394,66.66666666666666,0.576170802116394,66.66666666666666
"{'layout': [3, 2, 1, 0], 'arch': [2, 4, 3, 3, 2, 3, 1, 1, 2, 2, 2, 1, 1, 1, 4, 2, 6]}",99,0.5758459568023682,66.66666666666666,0.5758459568023682,66.66666666666666
"{'layout': [3, 2, 1, 0], 'arch': [2, 4, 3, 3, 2, 3, 1, 1, 2, 2, 2, 1, 1, 1, 4, 2, 6]}",100,0.5755243301391602,66.66666666666666,0.5755243301391602,66.66666666666666
"{'layout': [3, 2, 1, 0], 'arch': [2, 4, 3, 3, 2, 3, 1, 1, 2, 2, 2, 1, 1, 1, 4, 2, 6]}",101,0.5752063393592834,66.66666666666666,0.5752063393592834,66.66666666666666
"{'layout': [3, 2, 1, 0], 'arch': [2, 4, 3, 3, 2, 3, 1, 1, 2, 2, 2, 1, 1, 1, 4, 2, 6]}",102,0.5748921632766724,66.66666666666666,0.5748921632766724,66.66666666666666
"{'layout': [3, 2, 1, 0], 'arch': [2, 4, 3, 3, 2, 3, 1, 1, 2, 2, 2, 1, 1, 1, 4, 2, 6]}",103,0.5745820999145508,66.66666666666666,0.5745820999145508,66.66666666666666
"{'layout': [3, 2, 1, 0], 'arch': [2, 4, 3, 3, 2, 3, 1, 1, 2, 2, 2, 1, 1, 1, 4, 2, 6]}",104,0.5742763876914978,66.66666666666666,0.5742763876914978,66.66666666666666
"{'layout': [3, 2, 1, 0], 'arch': [2, 4, 3, 3, 2, 3, 1, 1, 2, 2, 2, 1, 1, 1, 4, 2, 6]}",105,0.5739753246307373,66.66666666666666,0.5739753246307373,66.66666666666666
"{'layout': [3, 2, 1, 0], 'arch': [2, 4, 3, 3, 2, 3, 1, 1, 2, 2, 2, 1, 1, 1, 4, 2, 6]}",106,0.5736787915229797,66.66666666666666,0.5736787915229797,66.66666666666666
"{'layout': [3, 2, 1, 0], 'arch': [2, 4, 3, 3, 2, 3, 1, 1, 2, 2, 2, 1, 1, 1, 4, 2, 6]}",107,0.5733870267868042,66.66666666666666,0.5733870267868042,66.66666666666666
"{'layout': [3, 2, 1, 0], 'arch': [2, 4, 3, 3, 2, 3, 1, 1, 2, 2, 2, 1, 1, 1, 4, 2, 6]}",108,0.5731000304222107,66.66666666666666,0.5731000304222107,66.66666666666666
"{'layout': [3, 2, 1, 0], 'arch': [2, 4, 3, 3, 2, 3, 1, 1, 2, 2, 2, 1, 1, 1, 4, 2, 6]}",109,0.5728179216384888,66.66666666666666,0.5728179216384888,66.66666666666666
"{'layout': [3, 2, 1, 0], 'arch': [2, 4, 3, 3, 2, 3, 1, 1, 2, 2, 2, 1, 1, 1, 4, 2, 6]}",110,0.5725407004356384,66.66666666666666,0.5725407004356384,66.66666666666666
"{'layout': [3, 2, 1, 0], 'arch': [2, 4, 3, 3, 2, 3, 1, 1, 2, 2, 2, 1, 1, 1, 4, 2, 6]}",111,0.5722684860229492,66.66666666666666,0.5722684860229492,66.66666666666666
"{'layout': [3, 2, 1, 0], 'arch': [2, 4, 3, 3, 2, 3, 1, 1, 2, 2, 2, 1, 1, 1, 4, 2, 6]}",112,0.5720012784004211,66.66666666666666,0.5720012784004211,66.66666666666666
"{'layout': [3, 2, 1, 0], 'arch': [2, 4, 3, 3, 2, 3, 1, 1, 2, 2, 2, 1, 1, 1, 4, 2, 6]}",113,0.5717390775680542,66.66666666666666,0.5717390775680542,66.66666666666666
"{'layout': [3, 2, 1, 0], 'arch': [2, 4, 3, 3, 2, 3, 1, 1, 2, 2, 2, 1, 1, 1, 4, 2, 6]}",114,0.5714818835258484,66.66666666666666,0.5714818835258484,66.66666666666666
"{'layout': [3, 2, 1, 0], 'arch': [2, 4, 3, 3, 2, 3, 1, 1, 2, 2, 2, 1, 1, 1, 4, 2, 6]}",115,0.571229875087738,66.66666666666666,0.571229875087738,66.66666666666666
"{'layout': [3, 2, 1, 0], 'arch': [2, 4, 3, 3, 2, 3, 1, 1, 2, 2, 2, 1, 1, 1, 4, 2, 6]}",116,0.5709829926490784,66.66666666666666,0.5709829926490784,66.66666666666666
"{'layout': [3, 2, 1, 0], 'arch': [2, 4, 3, 3, 2, 3, 1, 1, 2, 2, 2, 1, 1, 1, 4, 2, 6]}",117,0.5707412958145142,66.66666666666666,0.5707412958145142,66.66666666666666
"{'layout': [3, 2, 1, 0], 'arch': [2, 4, 3, 3, 2, 3, 1, 1, 2, 2, 2, 1, 1, 1, 4, 2, 6]}",118,0.5705047845840454,66.66666666666666,0.5705047845840454,66.66666666666666
"{'layout': [3, 2, 1, 0], 'arch': [2, 4, 3, 3, 2, 3, 1, 1, 2, 2, 2, 1, 1, 1, 4, 2, 6]}",119,0.5702735185623169,66.66666666666666,0.5702735185623169,66.66666666666666
"{'layout': [3, 2, 1, 0], 'arch': [2, 4, 3, 3, 2, 3, 1, 1, 2, 2, 2, 1, 1, 1, 4, 2, 6]}",120,0.5700475573539734,66.66666666666666,0.5700475573539734,66.66666666666666
"{'layout': [3, 2, 1, 0], 'arch': [2, 4, 3, 3, 2, 3, 1, 1, 2, 2, 2, 1, 1, 1, 4, 2, 6]}",121,0.5698269605636597,66.66666666666666,0.5698269605636597,66.66666666666666
"{'layout': [3, 2, 1, 0], 'arch': [2, 4, 3, 3, 2, 3, 1, 1, 2, 2, 2, 1, 1, 1, 4, 2, 6]}",122,0.5696117281913757,66.66666666666666,0.5696117281913757,66.66666666666666
"{'layout': [3, 2, 1, 0], 'arch': [2, 4, 3, 3, 2, 3, 1, 1, 2, 2, 2, 1, 1, 1, 4, 2, 6]}",123,0.5694020390510559,66.66666666666666,0.5694020390510559,66.66666666666666
"{'layout': [3, 2, 1, 0], 'arch': [2, 4, 3, 3, 2, 3, 1, 1, 2, 2, 2, 1, 1, 1, 4, 2, 6]}",124,0.5691976547241211,66.66666666666666,0.5691976547241211,66.66666666666666
"{'layout': [3, 2, 1, 0], 'arch': [2, 4, 3, 3, 2, 3, 1, 1, 2, 2, 2, 1, 1, 1, 4, 2, 6]}",125,0.5689986944198608,66.66666666666666,0.5689986944198608,66.66666666666666
"{'layout': [3, 2, 1, 0], 'arch': [2, 4, 3, 3, 2, 3, 1, 1, 2, 2, 2, 1, 1, 1, 4, 2, 6]}",126,0.5688051581382751,66.66666666666666,0.5688051581382751,66.66666666666666
"{'layout': [3, 2, 1, 0], 'arch': [2, 4, 3, 3, 2, 3, 1, 1, 2, 2, 2, 1, 1, 1, 4, 2, 6]}",127,0.568617045879364,66.66666666666666,0.568617045879364,66.66666666666666
"{'layout': [3, 2, 1, 0], 'arch': [2, 4, 3, 3, 2, 3, 1, 1, 2, 2, 2, 1, 1, 1, 4, 2, 6]}",128,0.5684344172477722,66.66666666666666,0.5684344172477722,66.66666666666666
"{'layout': [3, 2, 1, 0], 'arch': [2, 4, 3, 3, 2, 3, 1, 1, 2, 2, 2, 1, 1, 1, 4, 2, 6]}",129,0.5682569742202759,66.66666666666666,0.5682569742202759,66.66666666666666
"{'layout': [3, 2, 1, 0], 'arch': [2, 4, 3, 3, 2, 3, 1, 1, 2, 2, 2, 1, 1, 1, 4, 2, 6]}",130,0.568084716796875,66.66666666666666,0.568084716796875,66.66666666666666
"{'layout': [3, 2, 1, 0], 'arch': [2, 4, 3, 3, 2, 3, 1, 1, 2, 2, 2, 1, 1, 1, 4, 2, 6]}",131,0.5679177045822144,66.66666666666666,0.5679177045822144,66.66666666666666
"{'layout': [3, 2, 1, 0], 'arch': [2, 4, 3, 3, 2, 3, 1, 1, 2, 2, 2, 1, 1, 1, 4, 2, 6]}",132,0.5677558779716492,66.66666666666666,0.5677558779716492,66.66666666666666
"{'layout': [3, 2, 1, 0], 'arch': [2, 4, 3, 3, 2, 3, 1, 1, 2, 2, 2, 1, 1, 1, 4, 2, 6]}",133,0.5675989985466003,66.66666666666666,0.5675989985466003,66.66666666666666
"{'layout': [3, 2, 1, 0], 'arch': [2, 4, 3, 3, 2, 3, 1, 1, 2, 2, 2, 1, 1, 1, 4, 2, 6]}",134,0.5674472451210022,66.66666666666666,0.5674472451210022,66.66666666666666
"{'layout': [3, 2, 1, 0], 'arch': [2, 4, 3, 3, 2, 3, 1, 1, 2, 2, 2, 1, 1, 1, 4, 2, 6]}",135,0.5673000812530518,68.33333333333333,0.5673000812530518,68.33333333333333
"{'layout': [3, 2, 1, 0], 'arch': [2, 4, 3, 3, 2, 3, 1, 1, 2, 2, 2, 1, 1, 1, 4, 2, 6]}",136,0.5671577453613281,68.33333333333333,0.5671577453613281,68.33333333333333
"{'layout': [3, 2, 1, 0], 'arch': [2, 4, 3, 3, 2, 3, 1, 1, 2, 2, 2, 1, 1, 1, 4, 2, 6]}",137,0.567020058631897,68.33333333333333,0.567020058631897,68.33333333333333
"{'layout': [3, 2, 1, 0], 'arch': [2, 4, 3, 3, 2, 3, 1, 1, 2, 2, 2, 1, 1, 1, 4, 2, 6]}",138,0.5668869018554688,68.33333333333333,0.5668869018554688,68.33333333333333
"{'layout': [3, 2, 1, 0], 'arch': [2, 4, 3, 3, 2, 3, 1, 1, 2, 2, 2, 1, 1, 1, 4, 2, 6]}",139,0.5667580962181091,68.33333333333333,0.5667580962181091,68.33333333333333
"{'layout': [3, 2, 1, 0], 'arch': [2, 4, 3, 3, 2, 3, 1, 1, 2, 2, 2, 1, 1, 1, 4, 2, 6]}",140,0.5666335821151733,68.33333333333333,0.5666335821151733,68.33333333333333
"{'layout': [3, 2, 1, 0], 'arch': [2, 4, 3, 3, 2, 3, 1, 1, 2, 2, 2, 1, 1, 1, 4, 2, 6]}",141,0.5665134191513062,68.33333333333333,0.5665134191513062,68.33333333333333
"{'layout': [3, 2, 1, 0], 'arch': [2, 4, 3, 3, 2, 3, 1, 1, 2, 2, 2, 1, 1, 1, 4, 2, 6]}",142,0.5663973093032837,68.33333333333333,0.5663973093032837,68.33333333333333
"{'layout': [3, 2, 1, 0], 'arch': [2, 4, 3, 3, 2, 3, 1, 1, 2, 2, 2, 1, 1, 1, 4, 2, 6]}",143,0.5662851929664612,68.33333333333333,0.5662851929664612,68.33333333333333
"{'layout': [3, 2, 1, 0], 'arch': [2, 4, 3, 3, 2, 3, 1, 1, 2, 2, 2, 1, 1, 1, 4, 2, 6]}",144,0.5661770701408386,68.33333333333333,0.5661770701408386,68.33333333333333
"{'layout': [3, 2, 1, 0], 'arch': [2, 4, 3, 3, 2, 3, 1, 1, 2, 2, 2, 1, 1, 1, 4, 2, 6]}",145,0.5660725831985474,68.33333333333333,0.5660725831985474,68.33333333333333
"{'layout': [3, 2, 1, 0], 'arch': [2, 4, 3, 3, 2, 3, 1, 1, 2, 2, 2, 1, 1, 1, 4, 2, 6]}",146,0.5659720301628113,68.33333333333333,0.5659720301628113,68.33333333333333
"{'layout': [3, 2, 1, 0], 'arch': [2, 4, 3, 3, 2, 3, 1, 1, 2, 2, 2, 1, 1, 1, 4, 2, 6]}",147,0.5658750534057617,68.33333333333333,0.5658750534057617,68.33333333333333
"{'layout': [3, 2, 1, 0], 'arch': [2, 4, 3, 3, 2, 3, 1, 1, 2, 2, 2, 1, 1, 1, 4, 2, 6]}",148,0.5657815337181091,68.33333333333333,0.5657815337181091,68.33333333333333
"{'layout': [3, 2, 1, 0], 'arch': [2, 4, 3, 3, 2, 3, 1, 1, 2, 2, 2, 1, 1, 1, 4, 2, 6]}",149,0.5656917095184326,68.33333333333333,0.5656917095184326,68.33333333333333
"{'layout': [3, 2, 1, 0], 'arch': [2, 4, 3, 3, 2, 3, 1, 1, 2, 2, 2, 1, 1, 1, 4, 2, 6]}",150,0.5656052231788635,68.33333333333333,0.5656052231788635,68.33333333333333
"{'layout': [3, 2, 1, 0], 'arch': [2, 4, 3, 3, 2, 3, 1, 1, 2, 2, 2, 1, 1, 1, 4, 2, 6]}",151,0.5655220150947571,68.33333333333333,0.5655220150947571,68.33333333333333
"{'layout': [3, 2, 1, 0], 'arch': [2, 4, 3, 3, 2, 3, 1, 1, 2, 2, 2, 1, 1, 1, 4, 2, 6]}",152,0.5654420852661133,68.33333333333333,0.5654420852661133,68.33333333333333
"{'layout': [3, 2, 1, 0], 'arch': [2, 4, 3, 3, 2, 3, 1, 1, 2, 2, 2, 1, 1, 1, 4, 2, 6]}",153,0.5653652548789978,68.33333333333333,0.5653652548789978,68.33333333333333
"{'layout': [3, 2, 1, 0], 'arch': [2, 4, 3, 3, 2, 3, 1, 1, 2, 2, 2, 1, 1, 1, 4, 2, 6]}",154,0.565291702747345,68.33333333333333,0.565291702747345,68.33333333333333
"{'layout': [3, 2, 1, 0], 'arch': [2, 4, 3, 3, 2, 3, 1, 1, 2, 2, 2, 1, 1, 1, 4, 2, 6]}",155,0.5652211308479309,68.33333333333333,0.5652211308479309,68.33333333333333
"{'layout': [3, 2, 1, 0], 'arch': [2, 4, 3, 3, 2, 3, 1, 1, 2, 2, 2, 1, 1, 1, 4, 2, 6]}",156,0.5651535391807556,68.33333333333333,0.5651535391807556,68.33333333333333
"{'layout': [3, 2, 1, 0], 'arch': [2, 4, 3, 3, 2, 3, 1, 1, 2, 2, 2, 1, 1, 1, 4, 2, 6]}",157,0.5650889873504639,68.33333333333333,0.5650889873504639,68.33333333333333
"{'layout': [3, 2, 1, 0], 'arch': [2, 4, 3, 3, 2, 3, 1, 1, 2, 2, 2, 1, 1, 1, 4, 2, 6]}",158,0.565027117729187,68.33333333333333,0.565027117729187,68.33333333333333
"{'layout': [3, 2, 1, 0], 'arch': [2, 4, 3, 3, 2, 3, 1, 1, 2, 2, 2, 1, 1, 1, 4, 2, 6]}",159,0.5649681687355042,68.33333333333333,0.5649681687355042,68.33333333333333
"{'layout': [3, 2, 1, 0], 'arch': [2, 4, 3, 3, 2, 3, 1, 1, 2, 2, 2, 1, 1, 1, 4, 2, 6]}",160,0.5649119019508362,68.33333333333333,0.5649119019508362,68.33333333333333
"{'layout': [3, 2, 1, 0], 'arch': [2, 4, 3, 3, 2, 3, 1, 1, 2, 2, 2, 1, 1, 1, 4, 2, 6]}",161,0.5648583769798279,68.33333333333333,0.5648583769798279,68.33333333333333
"{'layout': [3, 2, 1, 0], 'arch': [2, 4, 3, 3, 2, 3, 1, 1, 2, 2, 2, 1, 1, 1, 4, 2, 6]}",162,0.5648072361946106,68.33333333333333,0.5648072361946106,68.33333333333333
"{'layout': [3, 2, 1, 0], 'arch': [2, 4, 3, 3, 2, 3, 1, 1, 2, 2, 2, 1, 1, 1, 4, 2, 6]}",163,0.5647588968276978,68.33333333333333,0.5647588968276978,68.33333333333333
"{'layout': [3, 2, 1, 0], 'arch': [2, 4, 3, 3, 2, 3, 1, 1, 2, 2, 2, 1, 1, 1, 4, 2, 6]}",164,0.5647128820419312,68.33333333333333,0.5647128820419312,68.33333333333333
"{'layout': [3, 2, 1, 0], 'arch': [2, 4, 3, 3, 2, 3, 1, 1, 2, 2, 2, 1, 1, 1, 4, 2, 6]}",165,0.5646693110466003,68.33333333333333,0.5646693110466003,68.33333333333333
"{'layout': [3, 2, 1, 0], 'arch': [2, 4, 3, 3, 2, 3, 1, 1, 2, 2, 2, 1, 1, 1, 4, 2, 6]}",166,0.564628005027771,68.33333333333333,0.564628005027771,68.33333333333333
"{'layout': [3, 2, 1, 0], 'arch': [2, 4, 3, 3, 2, 3, 1, 1, 2, 2, 2, 1, 1, 1, 4, 2, 6]}",167,0.5645890831947327,68.33333333333333,0.5645890831947327,68.33333333333333
"{'layout': [3, 2, 1, 0], 'arch': [2, 4, 3, 3, 2, 3, 1, 1, 2, 2, 2, 1, 1, 1, 4, 2, 6]}",168,0.564552366733551,68.33333333333333,0.564552366733551,68.33333333333333
"{'layout': [3, 2, 1, 0], 'arch': [2, 4, 3, 3, 2, 3, 1, 1, 2, 2, 2, 1, 1, 1, 4, 2, 6]}",169,0.5645177960395813,68.33333333333333,0.5645177960395813,68.33333333333333
"{'layout': [3, 2, 1, 0], 'arch': [2, 4, 3, 3, 2, 3, 1, 1, 2, 2, 2, 1, 1, 1, 4, 2, 6]}",170,0.5644853711128235,68.33333333333333,0.5644853711128235,68.33333333333333
"{'layout': [3, 2, 1, 0], 'arch': [2, 4, 3, 3, 2, 3, 1, 1, 2, 2, 2, 1, 1, 1, 4, 2, 6]}",171,0.564454972743988,68.33333333333333,0.564454972743988,68.33333333333333
"{'layout': [3, 2, 1, 0], 'arch': [2, 4, 3, 3, 2, 3, 1, 1, 2, 2, 2, 1, 1, 1, 4, 2, 6]}",172,0.5644265413284302,68.33333333333333,0.5644265413284302,68.33333333333333
"{'layout': [3, 2, 1, 0], 'arch': [2, 4, 3, 3, 2, 3, 1, 1, 2, 2, 2, 1, 1, 1, 4, 2, 6]}",173,0.5643998980522156,68.33333333333333,0.5643998980522156,68.33333333333333
"{'layout': [3, 2, 1, 0], 'arch': [2, 4, 3, 3, 2, 3, 1, 1, 2, 2, 2, 1, 1, 1, 4, 2, 6]}",174,0.5643751621246338,68.33333333333333,0.5643751621246338,68.33333333333333
"{'layout': [3, 2, 1, 0], 'arch': [2, 4, 3, 3, 2, 3, 1, 1, 2, 2, 2, 1, 1, 1, 4, 2, 6]}",175,0.5643522143363953,68.33333333333333,0.5643522143363953,68.33333333333333
"{'layout': [3, 2, 1, 0], 'arch': [2, 4, 3, 3, 2, 3, 1, 1, 2, 2, 2, 1, 1, 1, 4, 2, 6]}",176,0.5643309950828552,68.33333333333333,0.5643309950828552,68.33333333333333
"{'layout': [3, 2, 1, 0], 'arch': [2, 4, 3, 3, 2, 3, 1, 1, 2, 2, 2, 1, 1, 1, 4, 2, 6]}",177,0.5643113255500793,68.33333333333333,0.5643113255500793,68.33333333333333
"{'layout': [3, 2, 1, 0], 'arch': [2, 4, 3, 3, 2, 3, 1, 1, 2, 2, 2, 1, 1, 1, 4, 2, 6]}",178,0.5642933249473572,68.33333333333333,0.5642933249473572,68.33333333333333
"{'layout': [3, 2, 1, 0], 'arch': [2, 4, 3, 3, 2, 3, 1, 1, 2, 2, 2, 1, 1, 1, 4, 2, 6]}",179,0.5642768144607544,68.33333333333333,0.5642768144607544,68.33333333333333
"{'layout': [3, 2, 1, 0], 'arch': [2, 4, 3, 3, 2, 3, 1, 1, 2, 2, 2, 1, 1, 1, 4, 2, 6]}",180,0.564261794090271,68.33333333333333,0.564261794090271,68.33333333333333
"{'layout': [3, 2, 1, 0], 'arch': [2, 4, 3, 3, 2, 3, 1, 1, 2, 2, 2, 1, 1, 1, 4, 2, 6]}",181,0.5642481446266174,68.33333333333333,0.5642481446266174,68.33333333333333
"{'layout': [3, 2, 1, 0], 'arch': [2, 4, 3, 3, 2, 3, 1, 1, 2, 2, 2, 1, 1, 1, 4, 2, 6]}",182,0.5642358064651489,68.33333333333333,0.5642358064651489,68.33333333333333
"{'layout': [3, 2, 1, 0], 'arch': [2, 4, 3, 3, 2, 3, 1, 1, 2, 2, 2, 1, 1, 1, 4, 2, 6]}",183,0.5642246603965759,68.33333333333333,0.5642246603965759,68.33333333333333
"{'layout': [3, 2, 1, 0], 'arch': [2, 4, 3, 3, 2, 3, 1, 1, 2, 2, 2, 1, 1, 1, 4, 2, 6]}",184,0.564214825630188,68.33333333333333,0.564214825630188,68.33333333333333
"{'layout': [3, 2, 1, 0], 'arch': [2, 4, 3, 3, 2, 3, 1, 1, 2, 2, 2, 1, 1, 1, 4, 2, 6]}",185,0.5642060041427612,68.33333333333333,0.5642060041427612,68.33333333333333
"{'layout': [3, 2, 1, 0], 'arch': [2, 4, 3, 3, 2, 3, 1, 1, 2, 2, 2, 1, 1, 1, 4, 2, 6]}",186,0.56419837474823,68.33333333333333,0.56419837474823,68.33333333333333
"{'layout': [3, 2, 1, 0], 'arch': [2, 4, 3, 3, 2, 3, 1, 1, 2, 2, 2, 1, 1, 1, 4, 2, 6]}",187,0.5641916990280151,68.33333333333333,0.5641916990280151,68.33333333333333
"{'layout': [3, 2, 1, 0], 'arch': [2, 4, 3, 3, 2, 3, 1, 1, 2, 2, 2, 1, 1, 1, 4, 2, 6]}",188,0.5641858577728271,68.33333333333333,0.5641858577728271,68.33333333333333
"{'layout': [3, 2, 1, 0], 'arch': [2, 4, 3, 3, 2, 3, 1, 1, 2, 2, 2, 1, 1, 1, 4, 2, 6]}",189,0.5641809105873108,68.33333333333333,0.5641809105873108,68.33333333333333
"{'layout': [3, 2, 1, 0], 'arch': [2, 4, 3, 3, 2, 3, 1, 1, 2, 2, 2, 1, 1, 1, 4, 2, 6]}",190,0.5641767382621765,68.33333333333333,0.5641767382621765,68.33333333333333
"{'layout': [3, 2, 1, 0], 'arch': [2, 4, 3, 3, 2, 3, 1, 1, 2, 2, 2, 1, 1, 1, 4, 2, 6]}",191,0.5641732811927795,68.33333333333333,0.5641732811927795,68.33333333333333
"{'layout': [3, 2, 1, 0], 'arch': [2, 4, 3, 3, 2, 3, 1, 1, 2, 2, 2, 1, 1, 1, 4, 2, 6]}",192,0.5641704797744751,68.33333333333333,0.5641704797744751,68.33333333333333
"{'layout': [3, 2, 1, 0], 'arch': [2, 4, 3, 3, 2, 3, 1, 1, 2, 2, 2, 1, 1, 1, 4, 2, 6]}",193,0.5641682147979736,68.33333333333333,0.5641682147979736,68.33333333333333
"{'layout': [3, 2, 1, 0], 'arch': [2, 4, 3, 3, 2, 3, 1, 1, 2, 2, 2, 1, 1, 1, 4, 2, 6]}",194,0.5641666054725647,68.33333333333333,0.5641666054725647,68.33333333333333
"{'layout': [3, 2, 1, 0], 'arch': [2, 4, 3, 3, 2, 3, 1, 1, 2, 2, 2, 1, 1, 1, 4, 2, 6]}",195,0.5641652941703796,68.33333333333333,0.5641652941703796,68.33333333333333
"{'layout': [3, 2, 1, 0], 'arch': [2, 4, 3, 3, 2, 3, 1, 1, 2, 2, 2, 1, 1, 1, 4, 2, 6]}",196,0.564164400100708,68.33333333333333,0.564164400100708,68.33333333333333
"{'layout': [3, 2, 1, 0], 'arch': [2, 4, 3, 3, 2, 3, 1, 1, 2, 2, 2, 1, 1, 1, 4, 2, 6]}",197,0.5641639828681946,68.33333333333333,0.5641639828681946,68.33333333333333
"{'layout': [3, 2, 1, 0], 'arch': [2, 4, 3, 3, 2, 3, 1, 1, 2, 2, 2, 1, 1, 1, 4, 2, 6]}",198,0.5641635656356812,68.33333333333333,0.5641635656356812,68.33333333333333
"{'layout': [3, 2, 1, 0], 'arch': [2, 4, 3, 3, 2, 3, 1, 1, 2, 2, 2, 1, 1, 1, 4, 2, 6]}",199,0.5641633868217468,68.33333333333333,0.5641633868217468,68.33333333333333
"{'layout': [3, 2, 1, 0], 'arch': [2, 4, 3, 3, 2, 3, 1, 1, 2, 2, 2, 1, 1, 1, 4, 2, 6]}",200,0.5641633868217468,68.33333333333333,0.5641633868217468,68.33333333333333
